language,weight
code,0.1280598218823628
de,0.048066479627280896
en,0.41765559320852386
es,0.04418201021057098
fr,0.3374214160205483
it,0.02461467905071315
