language,weight
code,0.12388466449438416
de,0.046499359553396055
en,0.40403869284131083
es,0.04274153619120316
fr,0.3590235846738787
it,0.023812162245827117
